{
  "object" : {
    "artifacts" : [

    ],
    "dependencies" : [
      {
        "basedOn" : null,
        "packageRef" : {
          "identity" : "realitykitcontent",
          "kind" : "fileSystem",
          "location" : "/Users/apple03/Documents/GitHub/VisionMol-Apple-VR/Packages/RealityKitContent",
          "name" : "RealityKitContent"
        },
        "state" : {
          "name" : "fileSystem",
          "path" : "/Users/apple03/Documents/GitHub/VisionMol-Apple-VR/Packages/RealityKitContent"
        },
        "subpath" : "realitykitcontent"
      }
    ],
    "prebuilts" : [

    ]
  },
  "version" : 7
}